# Purpose: Market benchmark rates for telecom, software, and colo services.
# Inputs: Synthetic benchmark baseline values.
# Outputs: Cost comparison references for waste and optimization scoring.
# Assigned Team Member: SETH
# Dependencies: pandas, agents/waste_detection_agent.py, agents/financial_optimization_agent.py.
service_type,unit,benchmark_rate,source_year
Network Circuit,per_mbps_month,4.8,2026
Software License,per_user_month,22.5,2026
Mobile Line,per_line_month,62.0,2026
Colocation,per_rack_month,1450.0,2026
