# Synthetic master contract inventory for PACT (fictional vendors, research-grounded pricing).
# Generated by app/data/generate_seed_data.py - do not hand-edit without regenerating.
contract_id,vendor,service_type,start_date,end_date,annual_cost,monthly_cost,auto_renew,notice_days,termination_fee_pct,escalation_pct,owner,status,region,minimum_commitment
C-0001,TelNet Communications,Network Circuit Services,2024-08-21,2026-08-21,157097.28,13091.44,No,45,10,4,Morgan Yee,Active,APAC,10 active circuits
C-0002,MetroWave Networks,Network Circuit Services,2023-08-31,2026-08-30,260421.36,21701.78,No,45,12,2,,Active,US-East,9 active circuits
C-0003,NorthPoint Fiber,Network Circuit Services,2023-10-06,2026-10-05,148868.16,12405.68,No,60,12,3,Morgan Yee,Active,US-Central,8 active circuits
C-0004,Continental Circuit Co,Network Circuit Services,2026-01-12,2029-01-11,191229.24,15935.77,Yes,45,12,2,Monica Ruiz,Active,US-Central,10 active circuits
C-0005,Backbone Systems,Network Circuit Services,2024-06-20,2028-06-19,262436.04,21869.67,Yes,90,10,4,Priya Nair,Active,APAC,9 active circuits
C-0006,Vertex Telecom,Network Circuit Services,2027-09-16,2029-09-15,218990.52,18249.21,Yes,30,18,3,Morgan Yee,Active,US-East,8 active circuits
C-0007,Lattice Networks,Network Circuit Services,2024-08-26,2026-08-26,119243.64,9936.97,Yes,90,25,2,,Active,US-West,7 active circuits
C-0008,Ridgeline Connect,Network Circuit Services,2024-09-19,2026-09-19,142879.8,11906.65,Yes,60,8,3,Priya Nair,Active,US-East,7 active circuits
C-0009,Pinnacle Wireline,Network Circuit Services,2023-10-27,2026-10-26,240194.16,20016.18,No,30,25,4,,Active,APAC,8 active circuits
C-0010,Trueline Carrier,Network Circuit Services,2023-12-04,2027-12-03,156596.52,13049.71,Yes,30,10,5,Taylor Grant,Active,US-East,6 active circuits
C-0011,Latticework Data Centers,Colocation,2025-03-24,2029-03-23,213971.52,17830.96,Yes,30,12,4,Sam O'Connor,Active,US-Central,5 facility deployment(s)
C-0012,Ironhold Colocation,Colocation,2022-10-12,2026-10-11,335202.36,27933.53,Yes,60,8,4,Elena Popescu,Active,US-Central,5 facility deployment(s)
C-0013,Meridian Data Centers,Colocation,2025-02-06,2029-02-05,409331.64,34110.97,No,30,25,5,Sam O'Connor,Active,US-East,9 facility deployment(s)
C-0014,Basecamp Colo,Colocation,2027-07-15,2030-07-14,431929.44,35994.12,Yes,30,15,4,Devon Brooks,Active,APAC,9 facility deployment(s)
C-0015,Anchor Point Data Centers,Colocation,2023-05-25,2028-05-23,489710.52,40809.21,Yes,45,15,3,Sarah Lee,Active,US-East,5 facility deployment(s)
C-0016,Substation Colocation,Colocation,2022-10-18,2027-10-17,335475.84,27956.32,No,30,15,5,Taylor Grant,Active,US-West,7 facility deployment(s)
C-0017,Vaultkey Identity,Software License,2024-09-10,2026-09-10,477960.96,39830.08,No,45,25,5,Elena Popescu,Active,EMEA,1879 seats minimum
C-0018,Keystone IAM,Software License,2023-10-08,2026-10-07,493059.48,41088.29,Yes,90,18,5,Elena Popescu,Active,APAC,2006 seats minimum
C-0019,Gatepost Access,Software License,2028-01-11,2029-01-10,310629.6,25885.8,Yes,90,5,4,Chris Kim,Active,EMEA,2340 seats minimum
C-0020,Cascade Productivity,Software License,2025-08-19,2026-08-19,400701.48,33391.79,No,45,25,4,Jamie Chen,Active,US-East,1805 seats minimum
C-0021,Brightline Workspace,Software License,2024-07-20,2027-07-20,850162.92,70846.91,No,60,8,5,Priya Nair,Active,APAC,955 seats minimum
C-0022,Openfield Docs,Software License,2025-12-07,2028-12-06,126134.52,10511.21,Yes,30,18,5,Morgan Yee,Active,US-West,566 seats minimum
C-0023,CyberSecure,Software License,2026-05-03,2027-05-03,419171.52,34930.96,No,60,15,2,Monica Ruiz,Active,EMEA,1246 seats minimum
C-0024,Overwatch Security,Software License,2027-11-14,2028-11-13,126686.52,10557.21,Yes,30,18,6,Devon Brooks,Active,APAC,1592 seats minimum
C-0025,Sentrywall,Software License,2028-07-11,2029-07-11,669411.0,55784.25,Yes,45,8,3,Taylor Grant,Active,US-Central,2331 seats minimum
C-0026,Pulsepoint Observability,Software License,2027-10-28,2029-10-27,238054.32,19837.86,Yes,30,10,2,Elena Popescu,Active,EMEA,287 seats minimum
C-0027,Northstar Analytics,Software License,2026-02-05,2029-02-04,94336.92,7861.41,No,45,8,3,Chris Kim,Active,EMEA,208 seats minimum
C-0028,Flowstate DevOps,Software License,2024-10-15,2027-10-15,280202.52,23350.21,No,45,10,4,Alex Ramos,Active,US-East,299 seats minimum
C-0029,Forgeline CI/CD,Software License,2029-07-07,2030-07-07,75524.76,6293.73,No,30,10,5,Sarah Lee,Active,US-West,205 seats minimum
C-0030,Bridgeform CRM,Software License,2027-05-07,2029-05-06,833507.52,69458.96,Yes,90,8,6,,Active,EMEA,348 seats minimum
C-0031,Compass ERP,Software License,2029-04-23,2030-04-23,650895.6,54241.3,No,60,12,3,Priya Nair,Active,EMEA,236 seats minimum
C-0032,Brightline HR,Software License,2027-02-14,2029-02-13,59310.96,4942.58,Yes,90,5,5,Taylor Grant,Active,APAC,85 seats minimum
C-0033,Fernwood People Ops,Software License,2027-02-13,2029-02-12,51887.52,4323.96,Yes,45,20,5,,Active,US-East,189 seats minimum
C-0034,Nimbus AI,Software License,2026-04-10,2029-04-09,756129.12,63010.76,No,60,18,5,Priya Nair,Active,EMEA,1120 committed seats (consumption true-up quarterly)
C-0035,CogniStack AI,Software License,2024-05-11,2027-05-11,1403491.2,116957.6,No,90,10,5,Sam O'Connor,Active,EMEA,904 committed seats (consumption true-up quarterly)
C-0036,Synapse Copilot,Software License,2023-09-04,2026-09-03,689438.16,57453.18,No,45,18,6,Monica Ruiz,Active,US-Central,540 committed seats (consumption true-up quarterly)
C-0037,MobileOne,Mobile Services,2025-11-15,2027-11-15,22800.72,1900.06,No,45,20,3,Priya Nair,Active,APAC,37 active lines
C-0038,AirBridge Wireless,Mobile Services,2027-08-29,2029-08-28,18750.84,1562.57,No,45,25,3,Jamie Chen,Active,EMEA,32 active lines
C-0039,Continental Mobile,Mobile Services,2025-07-17,2027-07-17,24102.12,2008.51,Yes,60,5,6,Chris Kim,Active,APAC,37 active lines
C-0040,Skylark Mobile,Mobile Services,2026-10-20,2029-10-19,23718.0,1976.5,No,60,10,6,Elena Popescu,Active,APAC,38 active lines
C-0041,Union Wireless,Mobile Services,2027-08-30,2030-08-29,21405.12,1783.76,Yes,60,15,6,Morgan Yee,Active,US-Central,31 active lines
C-0042,VoiceBridge,Unified Communications,2025-05-24,2027-05-24,201205.68,16767.14,Yes,90,15,3,Sarah Lee,Active,APAC,1398 UC seats
C-0043,Ringform Communications,Unified Communications,2024-10-12,2026-10-12,245843.16,20486.93,No,90,20,4,Monica Ruiz,Active,US-East,1965 UC seats
C-0044,Dialtown UC,Unified Communications,2025-11-16,2028-11-15,79014.36,6584.53,No,45,5,6,,Active,US-West,477 UC seats
C-0045,DataSphere Managed Services,Managed Detection & Response,2024-10-11,2026-10-11,188316.36,15693.03,No,60,10,2,Ash Patel,Active,US-Central,Tiered SLA response commitment
C-0046,Sentinel Grid MDR,Disaster Recovery,2026-07-03,2029-07-02,282017.88,23501.49,No,45,18,4,Chris Kim,Active,US-West,Tiered SLA response commitment
C-0047,Recovery Point DR Services,Managed Detection & Response,2026-10-21,2027-10-21,482818.44,40234.87,Yes,30,10,2,Morgan Yee,Active,US-East,Tiered SLA response commitment
C-0048,Watchtower Support,Disaster Recovery,2028-07-25,2030-07-25,249078.48,20756.54,Yes,30,8,6,Alex Ramos,Active,US-East,Tiered SLA response commitment
